Cidade,Estado,População total estimada do município,Taxa de homicídios,Soluções em monitoramento para a segurança pública,Políticas públicas e ações para segurança pública,Urbanização vias públicas,Soluções para telegestão da iluminação pública,Taxa de analfabetismo,Geração de trabalho e renda no município,Índice de desenvolvimento humano do município (IDH-M),Pesquisas de satisfação/ Monitoramento da percepção de qualidade,Score_Seguranca
Poços de Caldas,MG,167397,5.46,1.0,8,99.28,0.0,3.41,5,0.779,4.0,77.86383551084165
Botucatu,SP,146497,4.25,1.0,8,92.97,0.0,4.01,5,0.8,4.0,77.80567892170875
Maringá,PR,423666,10.42,1.0,8,97.74,0.0,3.02,5,0.808,4.0,77.66170843441053
Sorocaba,SP,679378,13.64,4.0,5,94.34,0.0,2.87,3,0.798,4.0,77.29077648193237
Blumenau,SC,357199,9.31,5.0,6,80.43,0.0,1.73,0,0.806,4.0,76.9260000751031
Guarulhos,SP,1379182,15.11,1.0,9,90.28,0.0,3.85,5,0.763,4.0,76.20549618869268
Santos,SP,433311,5.99,1.0,5,98.28,0.0,2.16,5,0.84,4.0,75.85829068406306
Rio de Janeiro,RJ,6718903,25.82,1.0,9,91.61,0.0,2.75,5,0.799,4.0,75.67448664846219
Ribeirão Preto,SP,703293,12.31,1.0,6,98.52,0.0,2.98,5,0.8,4.0,75.06169275940827
São Bernardo do Campo,SP,838936,4.74,1.0,5,94.23,0.0,2.94,5,0.805,4.0,74.75691788329291
São Carlos,SP,251983,15.18,1.0,6,97.57,0.0,3.39,5,0.805,4.0,74.60450930669779
Santa Rosa,RS,73254,8.28,1.0,6,93.88,0.0,3.38,5,0.769,4.0,74.4457302567932
São Caetano do Sul,SP,161127,5.67,1.0,3,99.9,0.0,1.47,5,0.862,4.0,74.42004536294371
Alfenas,MG,79996,8.84,1.0,6,98.42,0.0,5.66,5,0.761,4.0,74.40022310918057
Limeira,SP,306114,6.03,1.0,6,99.12,0.0,4.01,4,0.775,4.0,74.3851132844928
Taubaté,SP,314924,18.02,1.0,6,98.33,0.0,2.83,5,0.8,4.0,74.20688976856904
São Paulo,SP,12252023,10.14,1.0,5,96.37,0.0,3.12,5,0.805,4.0,74.15134905230241
Bauru,SP,376818,8.66,1.0,6,82.68,0.0,3.0,5,0.801,4.0,74.00328958713553
São José dos Campos,SP,721944,12.36,1.0,5,95.91,0.0,2.88,5,0.807,4.0,73.84417114448551
Balneário Camboriú,SC,142295,7.59,1.0,5,98.33,0.0,1.28,3,0.845,4.0,73.83274524535909
Uberlândia,MG,691305,18.52,1.0,6,96.86,0.0,3.65,5,0.789,4.0,73.64510146984827
Americana,SP,239597,9.93,1.0,5,98.35,0.0,2.64,4,0.811,4.0,73.57269740468884
Guaxupé,MG,51917,5.76,1.0,5,97.25,0.0,6.11,5,0.751,4.0,73.35459227771285
Santo André,SP,718773,10.1,1.0,5,95.62,0.0,2.88,4,0.815,4.0,73.33168987802352
Matão,SP,83170,3.66,1.0,4,99.14,0.0,5.58,5,0.773,4.0,73.30325793008632
Varginha,MG,135558,6.0,1.0,5,98.69,0.0,4.23,4,0.778,4.0,73.27814670735559
Olímpia,SP,54772,3.72,1.0,4,98.09,0.0,4.87,5,0.773,4.0,73.26363966071716
Nova Lima,MG,94889,15.37,1.0,5,92.25,0.0,2.93,5,0.813,4.0,73.14994158257018
São João da Boa Vista,SP,91211,2.23,1.0,3,98.74,0.0,3.75,5,0.797,4.0,73.10323520803391
Caxias do Sul,RS,510906,32.76,1.0,8,90.37,0.0,2.3,5,0.782,4.0,73.0671580993575
Ribeirão Pires,SP,123393,9.08,1.0,5,88.74,0.0,3.23,5,0.784,4.0,73.04270362629761
São José do Rio Preto,SP,460671,9.18,1.0,4,95.96,0.0,3.01,5,0.797,4.0,72.97313660284867
Rio Claro,SP,206424,18.86,1.0,5,96.08,0.0,3.3,5,0.803,4.0,72.75659193258221
Santa Bárbara d'Oeste,SP,193475,10.99,1.0,5,99.21,0.0,3.87,4,0.781,4.0,72.69379679843696
Santana de Parnaíba,SP,139447,3.87,1.0,4,91.57,0.0,4.12,4,0.814,4.0,72.57784772763934
Vinhedo,SP,78728,1.35,1.0,3,95.71,0.0,2.79,4,0.817,4.0,72.4784542374935
Araras,SP,134236,11.53,1.0,4,99.24,0.0,4.38,5,0.781,4.0,72.44996997137125
Mauá,SP,472912,7.21,1.0,5,94.1,0.0,3.9,4,0.766,4.0,72.39283584450887
Araraquara,SP,236072,10.06,1.0,3,98.69,0.0,3.31,5,0.815,4.0,72.38342742236799
Cotia,SP,249210,9.41,1.0,6,83.04,0.0,4.2,4,0.78,4.0,72.32534036535263
Florianópolis,SC,500973,17.16,1.0,5,87.9,0.0,1.93,4,0.847,4.0,72.31134805488274
Diadema,SP,423884,13.73,1.0,5,93.96,0.0,4.12,5,0.757,4.0,72.17956415754766
Franco da Rocha,SP,154489,11.51,1.0,6,86.41,0.0,5.44,5,0.731,4.0,72.11952206741583
Vitória,ES,362097,17.24,1.0,3,98.98,0.0,2.46,5,0.845,4.0,72.11009042528838
Ijuí,RS,83475,1.2,1.0,3,91.03,0.0,3.99,5,0.781,4.0,72.0804461487704
Mococa,SP,68885,2.9,1.0,4,97.59,0.0,5.59,4,0.762,4.0,72.00894484259834
Suzano,SP,297637,11.11,1.0,5,87.53,0.0,4.89,5,0.765,4.0,72.0081865796335
Franca,SP,353187,8.7,1.0,5,98.22,0.0,3.04,3,0.78,4.0,72.0012825064991
Barretos,SP,122098,7.5,1.0,3,97.67,0.0,4.27,5,0.789,4.0,71.97111075260375
Campinas,SP,1204073,13.12,1.0,5,89.23,0.0,3.22,4,0.805,4.0,71.96444750145153
Monte Alto,SP,50498,2.01,1.0,3,95.16,0.0,5.42,5,0.768,4.0,71.93512008148537
Itabira,MG,120060,21.94,1.0,6,93.97,0.0,5.96,5,0.756,4.0,71.84539422462373
Votuporanga,SP,94547,8.69,1.0,3,98.61,0.0,5.13,5,0.79,4.0,71.81930447671641
Curitiba,PR,1933105,29.41,1.0,5,94.25,0.0,2.09,5,0.823,4.0,71.57719830393995
Marília,SP,238882,11.98,1.0,3,97.72,0.0,4.01,5,0.798,4.0,71.53896208969415
Montes Claros,MG,409341,18.33,1.0,6,82.05,0.0,6.15,5,0.77,4.0,71.45708057354017
Itajaí,SC,219536,22.97,1.0,5,90.51,0.0,2.94,5,0.795,4.0,71.43169747065929
Caieiras,SP,101470,4.12,1.0,3,98.42,0.0,3.81,4,0.781,4.0,71.42171087203626
Rio do Sul,SC,71061,4.4,1.0,6,69.96,0.0,3.01,3,0.802,4.0,71.3566496708827
Ouro Preto,MG,74281,6.72,1.0,4,90.0,0.0,4.07,5,0.741,4.0,71.35319669020043
Batatais,SP,62508,8.19,1.0,3,98.94,0.0,4.45,5,0.761,4.0,71.34820869641152
Barueri,SP,274182,12.08,1.0,3,98.53,0.0,4.11,5,0.786,4.0,71.32594396530092
Araxá,MG,106229,10.65,1.0,3,99.13,0.0,4.23,5,0.772,4.0,71.27237840818917
Itatiba,SP,120858,9.57,1.0,3,95.23,0.0,3.49,5,0.778,4.0,71.24912617508606
Itapira,SP,74773,8.17,1.0,3,98.61,0.0,5.51,5,0.762,4.0,71.22505616037245
São Vicente,SP,365798,12.01,1.0,4,90.28,0.0,3.98,5,0.768,4.0,71.21080042440715
Penápolis,SP,63407,8.01,1.0,3,98.29,0.0,5.36,5,0.759,4.0,71.16481198273449
Belo Horizonte,MG,2512070,24.79,1.0,4,97.89,0.0,2.8,5,0.81,4.0,71.1583837098208
São José do Rio Pardo,SP,54946,3.67,1.0,3,97.76,0.0,4.8,4,0.774,4.0,71.15627706007625
Passos,MG,114679,5.27,1.0,3,94.64,0.0,5.28,5,0.756,4.0,71.14053962765809
Juiz de Fora,MG,568873,26.62,1.0,5,96.67,0.0,3.31,5,0.778,4.0,71.09558185315512
Pirassununga,SP,76409,2.67,1.0,3,97.96,0.0,3.69,3,0.801,4.0,71.05427834636819
Itajubá,MG,96869,12.43,1.0,3,96.06,0.0,4.01,5,0.787,4.0,71.05400228246337
Capivari,SP,55768,0.0,1.0,3,85.88,0.0,4.32,5,0.75,4.0,70.99774407140522
Mirassol,SP,59824,10.29,1.0,3,97.88,0.0,4.1,5,0.762,4.0,70.98684092709975
Viçosa,MG,78846,38.53,1.0,7,93.9,0.0,5.19,5,0.775,4.0,70.9864638014648
Jundiaí,SP,418962,6.9,1.0,6,94.18,0.0,2.88,0,0.822,4.0,70.93014815577749
Araguari,MG,117267,15.4,1.0,4,91.92,0.0,4.89,5,0.773,4.0,70.88728942364685
Catanduva,SP,121862,6.66,1.0,3,97.09,0.0,4.82,4,0.785,4.0,70.88727701750287
Embu das Artes,SP,273726,9.45,1.0,4,91.15,0.0,4.77,5,0.735,4.0,70.85291168245531
Ibitinga,SP,60033,8.59,1.0,3,98.75,0.0,5.72,5,0.747,4.0,70.81617367223832
Campo Belo,MG,54029,16.58,1.0,6,98.07,0.0,8.42,4,0.711,4.0,70.78486991223481
Birigui,SP,123638,9.2,1.0,3,90.69,0.0,4.51,5,0.78,4.0,70.77363193525827
Lençóis Paulista,SP,68432,6.0,1.0,4,98.37,0.0,4.99,3,0.764,4.0,70.73658984101077
Tatuí,SP,121766,3.39,1.0,3,97.62,0.0,4.44,4,0.752,4.0,70.72719807367336
Santa Maria,RS,282123,24.88,1.0,6,77.3,0.0,3.22,5,0.784,4.0,70.62624670124195
Porto Feliz,SP,53098,9.57,1.0,3,94.83,0.0,5.1,5,0.758,4.0,70.58325671590771
Lins,SP,78013,20.9,1.0,4,93.26,0.0,4.21,5,0.786,4.0,70.57079827905125
Osasco,SP,698418,14.79,1.0,3,96.44,0.0,3.61,5,0.776,4.0,70.53656125713675
Indaiatuba,SP,251627,2.97,1.0,3,95.42,0.0,3.15,3,0.788,4.0,70.51497608403548
Bebedouro,SP,77496,10.3,1.0,3,99.37,0.0,4.6,4,0.78,4.0,70.4892633368645
Fernandópolis,SP,69116,2.92,1.0,3,95.04,0.0,5.57,3,0.797,4.0,70.42400881787982
Jandira,SP,124937,6.66,1.0,3,97.17,0.0,4.09,4,0.76,4.0,70.41150143982568
Patos de Minas,MG,152488,14.01,1.0,3,97.94,0.0,4.99,5,0.765,4.0,70.40933394068836
Registro,SP,56322,8.87,1.0,4,82.44,0.0,5.43,5,0.754,4.0,70.40332494012505
Resende,RJ,131341,32.52,1.0,6,90.7,0.0,4.13,5,0.768,4.0,70.40096240049347
Formiga,MG,67683,8.79,1.0,3,94.08,0.0,6.62,5,0.755,4.0,70.39048523951044
Petrópolis,RJ,306191,8.05,1.0,3,92.06,0.0,3.88,5,0.745,4.0,70.36549271240051
Taboão da Serra,SP,289664,14.13,1.0,3,95.25,0.0,3.77,5,0.769,4.0,70.33806200562908
Volta Redonda,RJ,273012,25.79,1.0,5,98.93,0.0,3.13,4,0.771,4.0,70.31279250561903
Jaguariúna,SP,57488,3.77,1.0,3,96.7,0.0,4.31,3,0.784,4.0,70.3110584310311
Itu,SP,173939,8.89,1.0,3,97.03,0.0,4.52,4,0.773,4.0,70.31078074967562
Pouso Alegre,MG,150737,14.43,1.0,3,94.41,0.0,3.88,5,0.774,4.0,70.30794078953315
Praia Grande,SP,325073,9.52,1.0,3,91.71,0.0,3.99,5,0.754,4.0,70.30117872236279
Carapicuíba,SP,400927,10.14,1.0,3,94.27,0.0,4.52,5,0.749,4.0,70.30100028003973
Itaperuna,RJ,103224,12.06,1.0,5,82.08,0.0,7.01,5,0.73,4.0,70.29007133492608
Ipatinga,MG,263410,16.2,1.0,3,98.28,0.0,4.66,5,0.771,4.0,70.28844672538816
Passo Fundo,RS,203275,21.23,1.0,5,90.89,0.0,3.34,4,0.776,4.0,70.25887331481289
Leme,SP,103391,12.96,1.0,4,99.66,0.0,6.58,4,0.744,4.0,70.20805150593664
Boituva,SP,60997,7.04,1.0,3,92.6,0.0,5.46,4,0.78,4.0,70.18856425320288
Cruzeiro,SP,82238,8.6,1.0,3,90.18,0.0,2.74,4,0.788,4.0,70.18280219519495
Francisco Beltrão,PR,91093,16.0,1.0,3,96.81,0.0,5.25,5,0.774,4.0,70.17128996262736
Cataguases,MG,75123,10.72,1.0,3,93.54,0.0,5.52,5,0.751,4.0,70.0763994500364
Umuarama,PR,111557,12.83,1.0,3,94.81,0.0,6.05,5,0.761,4.0,70.05965568314667
Paulínia,SP,109424,14.98,1.0,3,96.92,0.0,3.22,4,0.795,4.0,70.02759161538886
Votorantim,SP,122480,15.99,1.0,3,95.07,0.0,3.49,5,0.767,4.0,70.02750929772857
Itapeva,SP,94354,8.59,1.0,3,94.01,0.0,5.71,5,0.732,4.0,69.99371375540615
Lages,SC,157544,13.87,1.0,6,59.92,0.0,4.91,5,0.77,4.0,69.98893579863089
Chapecó,SC,220367,22.43,1.0,5,78.07,0.0,4.51,5,0.79,4.0,69.95480177621405
Cascavel,PR,328454,27.83,1.0,5,86.52,0.0,4.04,5,0.782,4.0,69.88605794191875
Niterói,RJ,513584,31.13,1.0,5,86.62,0.0,2.28,4,0.837,4.0,69.83356665267917
Assis,SP,104386,2.93,1.0,0,98.6,0.0,3.8,5,0.805,4.0,69.82592172722684
Itapetininga,SP,163901,7.57,1.0,3,92.18,0.0,4.36,4,0.763,4.0,69.80277696760648
Bagé,RS,121143,13.94,1.0,8,42.94,0.0,5.15,5,0.74,4.0,69.75910806046869
Campo Limpo Paulista,SP,84650,7.34,1.0,3,89.18,0.0,4.22,4,0.769,4.0,69.67997351573877
Irati,PR,60727,13.32,1.0,6,65.34,0.0,4.65,5,0.726,4.0,69.66352518415275
São Bento do Sul,SC,84507,4.88,1.0,5,49.58,0.0,2.75,5,0.782,4.0,69.6633415595438
Sertãozinho,SP,125815,5.77,1.0,3,99.17,0.0,5.17,3,0.761,4.0,69.65468717774587
Piracicaba,SP,404142,10.4,1.0,3,97.93,0.0,2.93,3,0.785,4.0,69.62033766638434
Itabirito,MG,51875,11.93,1.0,3,93.16,0.0,3.71,5,0.73,4.0,69.58012923953872
Bragança Paulista,SP,168668,8.0,1.0,3,96.55,0.0,4.43,3,0.776,4.0,69.47164769802954
Venâncio Aires,RS,71554,14.25,1.0,6,68.19,0.0,4.94,5,0.712,4.0,69.47012919684683
Concórdia,SC,74641,5.46,1.0,3,76.55,0.0,3.59,4,0.8,4.0,69.4326192199184
Londrina,PR,569733,23.49,1.0,3,98.36,0.0,4.18,5,0.778,4.0,69.41908112030433
Cubatão,SP,130705,10.17,1.0,3,98.97,0.0,5.6,4,0.737,4.0,69.39085280335355
Pará de Minas,MG,93969,22.83,1.0,4,97.48,0.0,3.85,5,0.725,4.0,69.3805102509338
São Sebastião do Paraíso,MG,70956,9.99,1.0,3,93.36,0.0,6.75,5,0.722,4.0,69.3804123340533
Valença,RJ,76523,10.81,1.0,3,89.19,0.0,5.9,5,0.738,4.0,69.28327163528637
Arapongas,PR,123027,20.52,1.0,3,99.58,0.0,4.62,5,0.748,4.0,69.26369119684911
Poá,SP,117452,17.44,1.0,3,98.05,0.0,3.07,4,0.771,4.0,69.25221041794782
Artur Nogueira,SP,54408,13.69,1.0,3,90.52,0.0,5.86,5,0.749,4.0,69.24211648294283
São João del Rei,MG,90082,21.15,1.0,5,93.61,0.0,3.52,3,0.758,4.0,69.12461450621637
Porto Ferreira,SP,56150,14.52,1.0,3,88.91,0.0,4.95,5,0.751,4.0,69.096991577255
Itupeva,SP,61252,5.4,1.0,3,91.62,0.0,4.64,3,0.762,4.0,69.01616783517319
Conselheiro Lafaiete,MG,128589,16.61,1.0,3,96.71,0.0,3.09,4,0.761,4.0,69.01129477532237
Itaquaquecetuba,SP,370821,17.1,1.0,6,76.74,0.0,5.39,4,0.714,4.0,68.91748766269559
Hortolândia,SP,230851,13.7,1.0,3,83.87,0.0,4.41,5,0.756,4.0,68.87395689589539
Foz do Iguaçu,PR,258532,37.51,1.0,6,97.8,0.0,5.57,4,0.751,4.0,68.84539520057041
Ferraz de Vasconcelos,SP,194276,12.85,1.0,3,95.15,0.0,4.72,4,0.738,4.0,68.71758985654658
Itaúna,MG,93214,19.55,1.0,3,99.5,0.0,3.79,4,0.758,4.0,68.71530809704348
Taquaritinga,SP,57177,8.81,1.0,3,98.76,0.0,6.58,3,0.748,4.0,68.7137358229521
Santo Ângelo,RS,77593,16.45,1.0,3,92.17,0.0,4.15,4,0.772,4.0,68.70285030049791
Ituiutaba,MG,104671,15.39,1.0,3,92.25,0.0,8.26,5,0.739,4.0,68.68060511987987
Campo Bom,RS,66712,23.24,1.0,4,95.06,0.0,2.87,4,0.745,4.0,68.62801289502292
Três Rios,RJ,81804,13.88,1.0,3,89.5,0.0,5.48,5,0.725,4.0,68.60989067612906
Guarapuava,PR,181504,28.45,1.0,6,77.03,0.0,5.82,5,0.731,4.0,68.59076896274512
Estância Velha,RS,50022,8.53,1.0,3,90.92,0.0,2.83,3,0.757,4.0,68.56112037350684
Mogi das Cruzes,SP,445842,10.02,1.0,3,87.92,0.0,3.71,3,0.783,4.0,68.52173864705223
Joinville,SC,590466,24.4,1.0,5,60.2,0.0,2.2,5,0.809,4.0,68.5080659919932
Mongaguá,SP,56702,13.11,1.0,3,79.43,0.0,4.01,5,0.754,4.0,68.50527630711493
Tubarão,SC,105686,9.65,1.0,3,64.72,0.0,3.61,5,0.796,4.0,68.50325444440315
Anápolis,GO,386923,55.54,1.0,8,91.73,0.0,5.28,5,0.737,4.0,68.47275069469953
Itapevi,SP,237700,11.48,1.0,3,82.79,0.0,5.85,5,0.735,4.0,68.46539298795662
Montenegro,RS,65264,15.74,1.0,3,82.26,0.0,3.74,5,0.755,4.0,68.45480375911644
Pindamonhangaba,SP,168328,20.33,1.0,3,94.55,0.0,3.76,4,0.773,4.0,68.43284348721502
Teresópolis,RJ,182594,10.88,1.0,3,82.94,0.0,6.5,5,0.73,4.0,68.38721181950152
Prudentópolis,PR,52241,9.64,1.0,4,82.27,0.0,6.7,5,0.676,4.0,68.37671634103975
São José dos Pinhais,PR,323340,44.59,1.0,6,89.73,0.0,3.28,5,0.758,4.0,68.3683219638329
Valinhos,SP,129193,2.46,1.0,3,95.6,0.0,2.96,0,0.819,4.0,68.32826486300546
Piedade,SP,55348,9.11,1.0,4,72.83,0.0,7.42,5,0.716,4.0,68.31134232111505
Timóteo,MG,89842,23.79,1.0,3,89.42,0.0,3.98,5,0.77,4.0,68.29975016950783
Itapecerica da Serra,SP,175693,11.24,1.0,3,88.56,0.0,5.51,4,0.742,4.0,68.28692957286796
Santa Isabel,SP,57386,14.42,1.0,3,85.99,0.0,7.13,5,0.738,4.0,68.2837153762129
Pelotas,RS,342405,24.15,1.0,6,64.21,0.0,4.23,5,0.739,4.0,68.27085310173769
Cajamar,SP,76801,12.35,1.0,3,82.37,0.0,4.89,5,0.728,4.0,68.23895565075105
São José,SC,246586,16.95,1.0,5,95.63,0.0,2.34,0,0.809,4.0,68.23448042730503
Guanambi,BA,84481,27.8,1.0,8,72.58,0.0,14.59,5,0.673,4.0,68.19747353669132
Canoas,RS,346616,44.36,1.0,6,88.68,0.0,2.59,5,0.75,4.0,68.18960705054721
Bom Despacho,MG,50605,22.16,1.0,3,92.64,0.0,6.18,5,0.75,4.0,68.18399534541145
Rio Grande,RS,211005,19.17,1.0,6,55.14,0.0,4.38,5,0.744,4.0,68.1805293383142
Ubá,MG,115552,13.37,1.0,3,94.14,0.0,5.35,4,0.724,4.0,68.15297223099012
Amparo,SP,72195,5.65,1.0,1,89.02,0.0,4.45,4,0.785,4.0,68.02884312653028
Congonhas,MG,54762,24.37,1.0,3,91.63,0.0,4.43,5,0.753,4.0,68.0080700856399
Marechal Cândido Rondon,PR,52944,23.39,1.0,3,85.12,0.0,4.17,5,0.774,4.0,67.98829199635193
Lajeado,RS,84014,30.31,1.0,6,69.72,0.0,2.52,4,0.778,4.0,67.98040614705009
Erechim,RS,105862,25.27,1.0,3,95.92,0.0,3.31,4,0.776,4.0,67.95280044155801
Ponte Nova,MG,59742,28.24,1.0,4,95.56,0.0,6.19,5,0.717,4.0,67.94322411340755
Farroupilha,RS,72331,21.72,1.0,4,78.81,0.0,2.73,4,0.777,4.0,67.92546358771393
Parnaíba,PI,153078,23.97,1.0,6,84.12,0.0,15.82,5,0.687,4.0,67.91100707219508
Recife,PE,1645727,41.03,1.0,6,80.69,0.0,6.9,5,0.772,4.0,67.89604925300425
Atibaia,SP,142761,4.33,1.0,3,68.57,0.0,4.92,4,0.765,4.0,67.85105621450471
Vila Velha,ES,493838,33.57,1.0,4,80.95,0.0,3.64,5,0.8,4.0,67.79687466581888
Três Corações,MG,79482,25.49,1.0,3,95.29,0.0,7.24,5,0.744,4.0,67.70892780830334
Bento Gonçalves,RS,120454,29.77,1.0,7,93.83,0.0,2.14,0,0.778,4.0,67.68376256687888
Lucas do Rio Verde,MT,65534,35.33,1.0,3,98.96,0.0,2.43,5,0.768,4.0,67.67912797666587
Guarujá,SP,320459,14.36,1.0,3,74.12,0.0,4.93,5,0.751,4.0,67.60749657347364
Ponta Grossa,PR,351736,23.16,1.0,5,60.9,0.0,3.65,5,0.763,4.0,67.57159486625841
Andradina,SP,57157,20.94,1.0,4,67.37,0.0,6.01,5,0.779,4.0,67.55922304828735
Lorena,SP,88706,30.83,1.0,3,92.77,0.0,3.65,5,0.766,4.0,67.53874559085335
Novo Hamburgo,RS,246748,25.29,1.0,3,88.27,0.0,3.22,5,0.747,4.0,67.52252352371173
Gaspar,SC,69639,9.06,1.0,3,59.77,0.0,2.41,5,0.765,4.0,67.51583513914754
Avaré,SP,90655,6.75,1.0,4,95.46,0.0,4.61,0,0.767,4.0,67.43528677641899
São Joaquim da Barra,SP,51888,1.98,1.0,3,99.34,0.0,4.05,0,0.762,4.0,67.38121073374099
São Roque,SP,91016,4.57,1.0,5,80.45,0.0,4.6,0,0.768,4.0,67.35705998125447
Apucarana,PR,134996,19.76,1.0,3,90.9,0.0,6.11,4,0.748,4.0,67.32617151732506
Cachoeiro de Itapemirim,ES,208972,25.67,1.0,3,88.92,0.0,5.77,5,0.746,4.0,67.23366024708321
Goiânia,GO,1516113,41.83,1.0,3,97.87,0.0,3.1,5,0.799,4.0,67.2236398732828
Rio Grande da Serra,SP,50846,14.33,1.0,3,70.07,0.0,4.5,5,0.749,4.0,67.19851138459072
Parintins,AM,114273,26.62,1.0,4,98.13,0.0,5.83,5,0.658,4.0,67.15835077981134
Campo Mourão,PR,94859,24.59,1.0,3,94.76,0.0,6.99,4,0.757,4.0,67.1087226765492
Jaú,SP,150252,5.52,1.0,3,98.56,0.0,4.34,0,0.778,4.0,67.10227262999362
Vargem Grande Paulista,SP,52597,14.13,1.0,3,84.87,0.0,5.59,3,0.77,4.0,67.09976786054685
Palhoça,SC,171797,10.53,1.0,3,60.97,0.0,3.73,5,0.757,4.0,67.09637175711686
Ourinhos,SP,113542,5.4,1.0,3,98.67,0.0,4.72,0,0.778,4.0,67.09027088958479
Alegrete,RS,73589,11.5,1.0,3,67.91,0.0,5.53,5,0.74,4.0,67.08494598334694
Quirinópolis,GO,50065,37.54,1.0,4,98.67,0.0,9.14,5,0.74,4.0,67.07331729947194
Nova Odessa,SP,60174,6.96,1.0,3,96.31,0.0,3.47,0,0.791,4.0,67.04400634316929
Três Lagoas,MS,121388,27.69,1.0,7,47.36,0.0,6.07,5,0.744,4.0,67.04066258928586
Governador Valadares,MG,279885,39.33,1.0,5,90.59,0.0,7.2,5,0.727,4.0,67.00690685234815
Paranavaí,PR,88374,18.32,1.0,3,72.16,0.0,6.22,5,0.763,4.0,66.94657350324644
Taquara,RS,57466,15.68,1.0,3,74.29,0.0,4.41,5,0.727,4.0,66.94385006415041
Colatina,ES,122499,28.32,1.0,3,91.95,0.0,7.92,5,0.746,4.0,66.91598777884737
Lavras,MG,103773,6.92,1.0,3,97.23,0.0,3.94,0,0.782,4.0,66.89062025462246
Nova Andradina,MS,54374,21.25,1.0,4,75.99,0.0,7.97,5,0.721,4.0,66.87761976621007
Mogi Guaçu,SP,151888,7.42,1.0,3,99.08,0.0,4.38,0,0.774,4.0,66.7777684118371
Jacareí,SP,233662,20.16,1.0,3,86.61,0.0,3.38,3,0.777,4.0,66.77584939626561
Ibirité,MG,180204,25.04,1.0,4,91.52,0.0,6.03,4,0.704,4.0,66.7310348676682
Naviraí,MS,54878,26.73,1.0,6,67.64,0.0,10.06,5,0.7,4.0,66.72752991733512
Tangará da Serra,MT,103750,19.6,1.0,4,69.88,0.0,7.84,5,0.729,4.0,66.69187548302722
Boa Vista,RR,399213,36.15,1.0,4,86.25,0.0,5.66,5,0.752,4.0,66.65525117106037
Mogi Mirim,SP,93189,7.61,1.0,3,95.37,0.0,3.89,0,0.784,4.0,66.64758303438545
Campina Grande,PB,409731,36.54,1.0,6,77.78,0.0,11.06,5,0.72,4.0,66.64562281489938
Lagoa da Prata,MG,52165,11.83,1.0,3,76.98,0.0,7.1,4,0.732,4.0,66.61485084534718
Manhuaçu,MG,90229,18.24,1.0,3,86.95,0.0,8.17,5,0.689,4.0,66.59609450279294
Porto Alegre,RS,1483771,55.64,1.0,5,87.86,0.0,2.18,5,0.805,4.0,66.59533926504412
Salto,SP,118663,8.68,1.0,3,97.05,0.0,3.82,0,0.78,4.0,66.57764669416893
Goianésia,GO,70084,30.01,1.0,3,96.24,0.0,8.95,5,0.727,4.0,66.56401610058631
Betim,MG,439340,49.48,1.0,5,93.66,0.0,4.82,5,0.749,4.0,66.56107515857585
Campo Grande,MS,895982,20.26,1.0,3,73.38,0.0,3.8,4,0.784,4.0,66.51741764892253
Tupã,SP,65524,7.61,1.0,3,98.9,0.0,6.2,0,0.771,4.0,66.46623677476475
Içara,SC,56421,7.41,1.0,4,42.63,0.0,3.81,5,0.741,4.0,66.42447867873325
Embu-Guaçu,SP,69385,13.28,1.0,3,71.67,0.0,5.72,4,0.749,4.0,66.38688114375205
Parnamirim,RN,261469,61.94,1.0,8,86.31,0.0,7.56,4,0.766,4.0,66.36900726768425
Pinhais,PR,132157,29.63,1.0,5,60.27,0.0,2.89,5,0.751,4.0,66.35417802652205
Sorriso,MT,90313,43.48,1.0,5,84.66,0.0,5.69,5,0.744,4.0,66.32681457397834
Brasília,DF,3015268,25.53,1.0,0,92.51,0.0,3.59,5,0.824,4.0,66.28201507484815
Caraguatatuba,SP,121532,25.2,1.0,4,63.93,0.0,4.62,5,0.759,4.0,66.2715401284257
Aracruz,ES,101220,33.08,1.0,4,79.69,0.0,7.66,5,0.752,4.0,66.22422393493562
Serra,ES,517510,55.45,1.0,6,90.14,0.0,5.49,5,0.739,4.0,66.12331762498414
Muriaé,MG,108763,22.24,1.0,3,96.06,0.0,7.5,3,0.734,4.0,66.0191376695068
Maués,AM,63905,22.91,1.0,5,89.09,0.0,9.45,5,0.588,4.0,65.92766817621964
Uberaba,MG,333783,19.98,1.0,4,98.27,0.0,4.03,0,0.772,4.0,65.9255649737959
Cachoeirinha,RS,130293,35.53,1.0,3,84.25,0.0,2.71,5,0.757,4.0,65.8638899465607
Itapema,SC,65312,32.12,1.0,3,70.7,0.0,2.7,5,0.796,4.0,65.86345467025232
Campos do Jordão,SP,52088,9.77,1.0,3,68.9,0.0,3.77,3,0.749,4.0,65.83778697156649
Viana,ES,78239,22.47,1.0,3,85.78,0.0,7.93,5,0.686,4.0,65.80378072704927
Criciúma,SC,215186,16.26,1.0,5,76.08,0.0,2.99,0,0.788,4.0,65.79071197951214
Arujá,SP,89824,12.91,1.0,3,95.35,0.0,4.66,0,0.784,4.0,65.77167198215119
Biguaçu,SC,68481,22.89,1.0,3,70.84,0.0,4.57,5,0.739,4.0,65.76797171128592
Esteio,RS,83202,40.42,1.0,3,90.63,0.0,2.4,5,0.754,4.0,65.7543730695294
Jataí,GO,100882,37.08,1.0,3,89.79,0.0,6.84,5,0.757,4.0,65.75295126408301
Gravataí,RS,281519,27.76,1.0,3,76.59,0.0,3.07,5,0.736,4.0,65.7258092352901
Rio Verde,GO,235647,35.81,1.0,3,87.49,0.0,6.25,5,0.754,4.0,65.70303265666416
Patrocínio,MG,90757,31.34,1.0,3,96.3,0.0,6.66,4,0.729,4.0,65.6649581181274
Fortaleza,CE,2669342,44.6,1.0,4,89.56,0.0,6.82,5,0.754,4.0,65.65356648038505
Itacoatiara,AM,101337,26.4,1.0,4,89.32,0.0,8.89,5,0.644,4.0,65.64156204299101
Barra Mansa,RJ,184412,19.43,1.0,5,93.24,0.0,4.23,0,0.729,4.0,65.61314407140864
Araucária,PR,143843,38.39,1.0,3,90.07,0.0,3.15,5,0.74,4.0,65.60317073874428
Caldas Novas,GO,91162,31.24,1.0,4,82.35,0.0,5.28,4,0.733,4.0,65.60113596534262
Itumbiara,GO,104742,39.39,1.0,4,92.26,0.0,7.43,4,0.752,4.0,65.59611579644746
União da Vitória,PR,57517,22.95,1.0,3,68.26,0.0,4.09,5,0.74,4.0,65.5691788627723
São Leopoldo,RS,236835,37.01,1.0,3,87.8,0.0,3.04,5,0.739,4.0,65.56577224601526
Barra do Piraí,RJ,100374,23.67,1.0,3,80.61,0.0,4.37,4,0.733,4.0,65.53930359549982
Contagem,MG,663855,44.36,1.0,3,94.79,0.0,3.4,5,0.756,4.0,65.52974027783986
Carazinho,RS,62110,48.24,1.0,6,75.66,0.0,3.9,4,0.766,4.0,65.49522552401866
Cachoeiras de Macacu,RJ,58937,22.97,1.0,4,68.97,0.0,7.64,5,0.7,4.0,65.46454425917473
Presidente Prudente,SP,228743,21.45,1.0,3,98.67,0.0,3.65,0,0.806,4.0,65.44314282951265
Barbacena,MG,137313,5.15,1.0,3,84.21,0.0,5.03,0,0.769,4.0,65.40955767655176
Videira,SC,53065,3.88,1.0,3,82.57,0.0,4.36,0,0.764,4.0,65.39089129314762
São Luís,MA,1101884,55.5,1.0,6,75.41,0.0,4.58,5,0.768,4.0,65.35822940410878
Jaraguá do Sul,SC,177697,5.38,1.0,3,72.6,0.0,1.61,0,0.803,4.0,65.32188121874097
Três Pontas,MG,56746,7.03,1.0,3,98.03,0.0,8.63,0,0.731,4.0,65.29941622320973
Feira de Santana,BA,614872,40.31,1.0,5,79.81,0.0,8.74,5,0.712,4.0,65.25144393371717
Mariana,MG,60724,26.96,1.0,3,92.44,0.0,6.49,3,0.742,4.0,65.23386671342251
Castro,PR,71484,22.48,1.0,3,75.97,0.0,7.74,5,0.703,4.0,65.20053132087043
Dourados,MS,222949,29.7,1.0,3,73.94,0.0,5.23,5,0.747,4.0,65.17866311412092
Pato Branco,PR,82881,18.78,1.0,3,97.63,0.0,4.18,0,0.782,4.0,65.13681434796801
Manaus,AM,2182763,47.84,1.0,4,89.29,0.0,3.91,5,0.737,4.0,65.07508192020586
Teresina,PI,864845,44.13,1.0,4,85.67,0.0,8.78,5,0.751,4.0,65.04513691809561
Cosmópolis,SP,72252,16.19,1.0,3,96.47,0.0,4.9,0,0.769,4.0,65.03342108330264
Santa Luzia,MG,219134,21.14,1.0,6,82.59,0.0,4.6,0,0.715,4.0,65.02252473176345
Catalão,GO,108823,49.71,1.0,3,96.59,0.0,4.88,5,0.766,4.0,64.9811689291161
Brusque,SC,134723,4.77,1.0,3,70.5,0.0,2.35,0,0.795,4.0,64.93731665321693
Parobé,RS,58272,23.26,1.0,3,70.78,0.0,4.64,5,0.704,4.0,64.91076976297097
Toledo,PR,140635,17.93,1.0,3,97.32,0.0,4.46,0,0.768,4.0,64.88616598701574
Caçapava,SP,94263,9.8,1.0,3,79.98,0.0,3.5,0,0.788,4.0,64.87630583978112
Gurupi,TO,86647,35.45,1.0,3,87.8,0.0,6.53,4,0.759,4.0,64.87076508894648
Curvelo,MG,80129,25.19,1.0,3,74.69,0.0,8.14,5,0.713,4.0,64.8470912448881
Coronel Fabriciano,MG,109855,41.87,1.0,3,87.31,0.0,6.17,5,0.755,4.0,64.81199417946216
Barcarena,PA,124680,37.12,1.0,5,80.2,0.0,8.11,5,0.662,4.0,64.70929082504983
Sobral,CE,208935,33.39,1.0,3,93.5,0.0,16.37,5,0.714,4.0,64.68246583412576
Campos dos Goytacazes,RJ,507548,55.42,1.0,5,93.28,0.0,6.82,5,0.716,4.0,64.67632161028237
Abreu e Lima,PE,99990,38.39,1.0,4,90.74,0.0,9.92,5,0.679,4.0,64.67558476142955
Vespasiano,MG,127601,34.85,1.0,3,90.37,0.0,6.06,5,0.688,4.0,64.67541710636446
São Gonçalo,RJ,1084839,38.98,1.0,5,60.76,0.0,3.56,5,0.739,4.0,64.66707641653804
Teófilo Otoni,MG,140592,24.73,1.0,3,79.57,0.0,12.58,5,0.701,4.0,64.66443617928931
Itanhaém,SP,101816,17.45,1.0,3,51.33,0.0,5.55,5,0.745,4.0,64.60906862669358
Cambé,PR,106533,14.34,1.0,3,98.55,0.0,6.2,0,0.734,4.0,64.59333193534104
Linhares,ES,173555,30.03,1.0,3,77.57,0.0,9.09,5,0.724,4.0,64.56519196627951
Sumaré,SP,282441,17.44,1.0,3,94.36,0.0,4.78,0,0.762,4.0,64.48612976493072
Caetité,BA,50975,13.28,1.0,3,85.78,0.0,20.11,5,0.625,4.0,64.48088662489747
Sapucaia do Sul,RS,141075,44.63,1.0,3,90.87,0.0,3.39,5,0.726,4.0,64.41319992729967
Mesquita,RJ,176103,39.18,1.0,3,80.5,0.0,3.46,5,0.737,4.0,64.40356376716767
Nova Friburgo,RJ,190631,14.05,1.0,3,91.85,0.0,4.97,0,0.745,4.0,64.33104541904322
Picos,PI,78222,24.76,1.0,3,80.17,0.0,15.68,5,0.698,4.0,64.3180148215329
Sidrolândia,MS,57665,15.1,1.0,3,60.98,0.0,8.36,5,0.686,4.0,64.31510582946962
Humaitá,AM,55080,13.37,1.0,3,84.2,0.0,16.0,5,0.605,4.0,64.300398914691
Paranaguá,PR,154936,36.22,1.0,3,72.47,0.0,3.62,5,0.75,4.0,64.29764376426564
Cianorte,PR,82620,19.1,1.0,3,96.62,0.0,5.05,0,0.755,4.0,64.2832296134618
Jaraguá,GO,50511,31.57,1.0,3,92.58,0.0,9.36,4,0.699,4.0,64.28126944013907
João Monlevade,MG,79910,20.23,1.0,3,95.75,0.0,3.87,0,0.758,4.0,64.2209653333004
Paraíso do Tocantins,TO,51252,40.22,1.0,3,87.21,0.0,6.5,4,0.764,4.0,64.214776719413
Várzea Paulista,SP,121838,12.74,1.0,3,83.69,0.0,4.79,0,0.759,4.0,64.02508353651083
Barreiras,BA,155439,12.22,1.0,3,47.93,0.0,9.98,5,0.721,4.0,64.02017336656394
Lagoa Santa,MG,64527,16.45,1.0,3,84.39,0.0,4.64,0,0.777,4.0,63.965162326614106
Peruíbe,SP,68284,15.17,1.0,3,60.74,0.0,5.92,3,0.749,4.0,63.96334767991724
Rio Bonito,RJ,60201,5.18,1.0,3,84.69,0.0,6.84,0,0.71,4.0,63.92934036249968
Indaial,SC,69425,4.62,1.0,4,54.01,0.0,2.8,0,0.777,4.0,63.926916876488306
Senhor do Bonfim,BA,79015,23.52,1.0,3,80.46,0.0,15.69,5,0.666,4.0,63.81085951091596
Jaboticabal,SP,77263,27.56,1.0,3,99.03,0.0,5.14,0,0.778,4.0,63.77673026663162
São João de Meriti,RJ,472406,47.12,1.0,3,89.87,0.0,3.44,5,0.719,4.0,63.77629889513539
São Gabriel,RS,62105,7.95,1.0,5,69.03,0.0,8.05,0,0.699,4.0,63.75493223716009
Rolândia,PR,66580,20.3,1.0,3,97.9,0.0,6.21,0,0.739,4.0,63.74938598880656
Sabará,MG,136344,35.5,1.0,2,82.45,0.0,5.02,5,0.731,4.0,63.73695144398836
Canoinhas,SC,54401,9.21,1.0,3,26.12,0.0,3.65,5,0.757,4.0,63.73084035174808
Caçador,SC,78595,11.75,1.0,5,63.37,0.0,5.66,0,0.735,4.0,63.677974673002275
Pedro Leopoldo,MG,64258,18.93,1.0,3,90.61,0.0,5.62,0,0.757,4.0,63.67603139826307
Angra dos Reis,RJ,203785,45.95,1.0,3,87.54,0.0,5.06,5,0.724,4.0,63.6491358373737
Cruz Alta,RS,60299,20.44,1.0,3,92.48,0.0,4.52,0,0.75,4.0,63.60396805959037
Floriano,PI,59935,30.56,1.0,3,86.96,0.0,12.26,4,0.7,4.0,63.56435108314963
Guaratinguetá,SP,121798,18.37,1.0,3,76.53,0.0,2.68,0,0.798,4.0,63.55872857180377
Frutal,MG,59496,24.02,1.0,4,92.82,0.0,6.58,0,0.73,4.0,63.54236456266435
Valparaíso de Goiás,GO,168468,42.19,1.0,3,74.41,0.0,3.38,5,0.746,4.0,63.541985357636534
Campo Largo,PR,132002,33.41,1.0,3,72.85,0.0,4.72,4,0.745,4.0,63.523874271623235
Duque de Caxias,RJ,919596,43.18,1.0,3,84.84,0.0,4.8,5,0.711,4.0,63.52096009936427
Corumbá,MS,111435,21.96,1.0,3,67.29,0.0,5.9,4,0.7,4.0,63.52043071795588
Brumado,BA,67195,27.35,1.0,3,84.0,0.0,14.41,5,0.656,4.0,63.515851252386675
Belém,PA,1492745,76.14,1.0,8,69.24,0.0,3.31,5,0.746,4.0,63.512079829643596
Capão da Canoa,RS,53049,52.31,1.0,4,88.09,0.0,3.38,4,0.743,4.0,63.47802262581737
Cuiabá,MT,612547,37.07,1.0,3,67.8,0.0,4.46,4,0.785,4.0,63.389623466614196
Cabedelo,PB,67736,40.38,1.0,6,55.48,0.0,11.47,4,0.748,4.0,63.3740681522942
Camboriú,SC,82989,35.25,1.0,6,45.18,0.0,4.26,4,0.726,4.0,63.36936944825302
Laranjal do Jari,AP,50410,25.73,1.0,8,18.96,0.0,9.63,5,0.665,4.0,63.36897431458357
Canguçu,RS,56045,8.94,1.0,3,51.93,0.0,9.65,5,0.65,4.0,63.35588205947751
Patos,PB,107605,25.22,1.0,3,72.41,0.0,17.97,5,0.701,4.0,63.273710884968445
Ubatuba,SP,90799,29.76,1.0,3,55.17,0.0,5.81,5,0.751,4.0,63.27361347658185
Cariacica,ES,381285,41.34,1.0,4,68.04,0.0,6.0,5,0.718,4.0,63.2126464028852
Manicoré,AM,55751,18.56,1.0,4,77.55,0.0,18.27,5,0.582,4.0,63.19209984406801
Araranguá,SC,68228,15.05,1.0,5,56.05,0.0,4.34,0,0.76,4.0,63.14181326519868
Oriximiná,PA,73096,25.69,1.0,3,81.06,0.0,10.88,5,0.623,4.0,63.10136733221262
Macaé,RJ,256672,45.93,1.0,3,82.1,0.0,4.14,4,0.764,4.0,63.09526033292163
Palmas,TO,299127,35.73,1.0,0,83.66,0.0,3.74,5,0.788,4.0,63.026877313977565
Guarabira,PB,58833,35.88,1.0,3,92.24,0.0,18.63,5,0.673,4.0,63.01372034249441
Sete Lagoas,MG,239639,38.85,1.0,0,94.19,0.0,3.86,5,0.76,4.0,62.9969351254657
Barbalha,CE,60781,26.96,1.0,3,85.54,0.0,17.65,4,0.683,4.0,62.98889747049473
Santarém,PA,304589,28.53,1.0,6,32.42,0.0,7.26,5,0.691,4.0,62.950758842095496
Xanxerê,SC,50982,12.23,1.0,3,69.46,0.0,5.28,0,0.775,4.0,62.95027595582624
Sant'Ana do Livramento,RS,77027,9.68,1.0,3,74.46,0.0,3.95,0,0.727,4.0,62.90594288892091
Tefé,AM,59849,22.5,1.0,3,73.7,0.0,13.9,5,0.639,4.0,62.8561123455063
Rondonópolis,MT,232491,47.51,1.0,3,76.85,0.0,6.71,5,0.755,4.0,62.84051278435062
Santa Cruz do Sul,RS,130416,36.28,1.0,5,79.45,0.0,2.8,0,0.773,4.0,62.83301360295483
Bacabal,MA,104949,46.59,1.0,5,90.22,0.0,19.89,5,0.651,4.0,62.799665867862714
Aracati,CE,74547,25.96,1.0,4,69.24,0.0,19.35,5,0.655,4.0,62.76408208955594
Várzea Grande,MT,284971,48.65,1.0,5,59.39,0.0,5.49,5,0.734,4.0,62.76280322866551
Juruti,PA,57943,10.87,1.0,3,61.8,0.0,9.75,5,0.592,4.0,62.76227687402386
Itabuna,BA,213223,65.34,1.0,8,59.88,0.0,10.09,5,0.712,4.0,62.663342124332026
Unaí,MG,84378,19.17,1.0,3,88.35,0.0,8.67,0,0.736,4.0,62.60523969615671
Inhumas,GO,52866,48.14,1.0,3,95.76,0.0,9.47,4,0.72,4.0,62.59694038233058
Palmas,PR,50986,24.82,1.0,3,64.7,0.0,9.16,5,0.66,4.0,62.574399407831976
Rio das Ostras,RJ,150674,55.63,1.0,4,77.35,0.0,3.31,4,0.773,4.0,62.56561735083635
Crato,CE,132123,40.88,1.0,3,80.94,0.0,13.9,5,0.713,4.0,62.52347882464519
Divinópolis,MG,238230,26.19,1.0,3,86.33,0.0,3.69,0,0.764,4.0,62.52146930869317
Santo Estêvão,BA,52850,18.7,1.0,3,75.7,0.0,21.94,5,0.626,4.0,62.46391515708517
Itapipoca,CE,129358,11.09,1.0,3,70.92,0.0,21.85,4,0.64,4.0,62.43412672050844
Mineiros,GO,66801,27.59,1.0,3,71.97,0.0,7.33,3,0.718,4.0,62.41080988065832
Sapiranga,RS,81734,18.76,1.0,3,85.7,0.0,3.49,0,0.711,4.0,62.39299294586579
Guapimirim,RJ,60517,47.28,1.0,4,75.69,0.0,8.51,5,0.698,4.0,62.38826125084726
Nova Serrana,MG,102693,25.99,1.0,3,95.91,0.0,4.54,0,0.715,4.0,62.33726050495376
Barra do Garças,MT,61012,25.56,1.0,3,91.09,0.0,7.72,0,0.748,4.0,62.30620185261676
Caratinga,MG,92062,16.42,1.0,3,88.08,0.0,9.84,0,0.706,4.0,62.18526963495623
Camaragibe,PE,157828,47.67,1.0,6,55.34,0.0,10.59,5,0.692,4.0,62.106577279666624
Rio Branco,AC,407319,62.59,1.0,7,56.37,0.0,8.86,5,0.727,4.0,62.07379490437213
Ibiúna,SP,78878,11.69,1.0,3,76.8,0.0,8.18,0,0.71,4.0,62.004780581764855
Tauá,CE,58859,39.71,1.0,5,83.01,0.0,26.99,5,0.633,4.0,61.91230255152154
Mairiporã,SP,100179,13.83,1.0,3,58.74,0.0,5.54,0,0.788,4.0,61.87780372479037
Delmiro Gouveia,AL,52016,28.68,1.0,3,88.79,0.0,23.44,5,0.612,4.0,61.8390025050568
Camaquã,RS,66261,10.6,1.0,6,40.92,0.0,6.97,0,0.697,4.0,61.66237095676973
Itapajé,CE,52675,36.87,1.0,6,73.03,0.0,23.02,4,0.623,4.0,61.629217330922216
Januária,MG,67742,10.23,1.0,3,52.51,0.0,17.53,4,0.658,4.0,61.549367110106076
Leopoldina,MG,52587,9.39,1.0,0,96.7,0.0,7.39,0,0.726,4.0,61.49956171245444
João Pessoa,PB,809015,44.28,1.0,3,67.83,0.0,7.67,4,0.763,4.0,61.474129057611115
Maceió,AL,1018948,55.3,1.0,5,65.46,0.0,11.32,5,0.721,4.0,61.46858838874354
Icó,CE,68018,29.7,1.0,6,62.78,0.0,30.41,5,0.606,4.0,61.46470030909374
Uruguaiana,RS,126970,19.27,1.0,3,70.06,0.0,3.71,0,0.744,4.0,61.43371663064662
Viçosa do Ceará,CE,60889,18.49,1.0,3,87.61,0.0,31.76,5,0.571,4.0,61.412985595523374
Vacaria,RS,66218,24.56,1.0,5,62.69,0.0,5.43,0,0.721,4.0,61.407424993784694
Telêmaco Borba,PR,78974,56.17,1.0,3,79.5,0.0,7.06,5,0.734,4.0,61.30961826543122
Estância,SE,69184,40.67,1.0,3,87.13,0.0,17.6,5,0.647,4.0,61.301731142314416
Ribeirão das Neves,MG,334858,49.1,1.0,4,68.27,0.0,6.22,5,0.684,4.0,61.28929269924917
Quixadá,CE,87728,58.15,1.0,6,80.2,0.0,20.95,5,0.659,4.0,61.22531994218096
Itararé,SP,50503,11.94,1.0,3,69.05,0.0,6.92,0,0.703,4.0,61.15221074296857
Paracambi,RJ,52257,63.91,1.0,3,89.91,0.0,4.92,5,0.72,4.0,61.13852543726189
Natal,RN,884122,62.67,1.0,3,81.68,0.0,7.87,5,0.763,4.0,61.12899250143599
Monte Mor,SP,59772,21.3,1.0,3,75.12,0.0,6.83,0,0.733,4.0,61.06368377689334
Cáceres,MT,94376,33.01,1.0,4,41.48,0.0,10.77,5,0.708,4.0,60.99136776594443
Cachoeira do Sul,RS,82201,17.52,1.0,4,56.18,0.0,7.26,0,0.742,4.0,60.95388413300705
Olinda,PE,392482,47.67,1.0,4,51.86,0.0,6.53,5,0.735,4.0,60.93609960176784
Parauapebas,PA,208273,59.11,1.0,5,63.16,0.0,7.63,5,0.715,4.0,60.92933612800029
Paulo Afonso,BA,117782,57.53,1.0,4,89.29,0.0,15.78,5,0.674,4.0,60.9249798000222
Francisco Morato,SP,175844,12.95,1.0,3,67.59,0.0,6.34,0,0.703,4.0,60.914813174497354
São Francisco do Sul,SC,52721,66.45,1.0,4,69.83,0.0,3.74,5,0.762,4.0,60.88702490994166
Mossoró,RN,297378,74.33,1.0,5,89.1,0.0,12.89,5,0.72,4.0,60.86022770705885
Seropédica,RJ,82312,27.49,1.0,4,35.47,0.0,5.76,4,0.713,4.0,60.85418250347711
Trindade,GO,127599,54.45,1.0,3,79.37,0.0,7.52,5,0.699,4.0,60.71469096963082
Paulista,PE,331774,37.16,1.0,3,54.78,0.0,5.94,4,0.732,4.0,60.68800745509602
Ponta Porã,MS,92526,60.12,1.0,6,55.82,0.0,8.93,5,0.701,4.0,60.68152996494466
Ariquemes,RO,107863,57.6,1.0,3,83.37,0.0,7.9,5,0.702,4.0,60.68117785259479
Quixeramobim,CE,81082,37.21,1.0,3,82.71,0.0,23.29,5,0.642,4.0,60.63575704992994
Acaraú,CE,62641,22.68,1.0,3,75.08,0.0,28.25,5,0.601,4.0,60.5601064624286
Dias d'Ávila,BA,81089,86.9,1.0,8,76.73,0.0,8.28,5,0.676,4.0,60.559800017208005
Cabo Frio,RJ,226525,47.11,1.0,3,75.88,0.0,4.84,3,0.735,4.0,60.55292282210588
Itapecuru Mirim,MA,68203,16.39,1.0,3,74.15,0.0,26.73,4,0.599,4.0,60.522531062379194
Mafra,SC,56292,7.19,1.0,3,35.0,0.0,2.82,0,0.777,4.0,60.48240555055169
Sarandi,PR,96688,35.03,1.0,3,68.16,0.0,7.27,3,0.695,4.0,60.39928750530675
Pirapora,MG,56428,54.89,1.0,4,57.76,0.0,6.75,5,0.731,4.0,60.34995892253113
Araçatuba,SP,197016,23.22,1.0,0,88.08,0.0,3.7,0,0.788,4.0,60.3498583268413
Petrolina,PE,349145,38.5,1.0,3,56.9,0.0,11.36,5,0.697,4.0,60.329892338359286
Porto Velho,RO,529544,44.01,1.0,3,49.55,0.0,5.21,5,0.736,4.0,60.29966801808425
Nova Iguaçu,RJ,821128,44.27,1.0,3,73.39,0.0,4.31,3,0.713,4.0,60.28325516505553
Porto Nacional,TO,53010,74.27,1.0,4,84.46,0.0,7.86,5,0.74,4.0,60.27801893069758
Magé,RJ,245071,50.36,1.0,3,65.47,0.0,6.18,5,0.709,4.0,60.27074824343301
Senador Canedo,GO,115371,68.97,1.0,3,93.9,0.0,6.75,5,0.701,4.0,60.16653973078273
Maricá,RJ,161207,29.36,1.0,3,20.01,0.0,4.89,5,0.765,4.0,60.145431307569375
Pacatuba,CE,83432,58.8,1.0,3,87.47,0.0,9.53,5,0.675,4.0,60.13762960331608
Trairi,CE,55918,38.31,1.0,6,63.19,0.0,22.18,4,0.606,4.0,60.114281476293634
Caucaia,CE,361400,49.7,1.0,3,75.32,0.0,12.41,5,0.682,4.0,60.095423854087414
Campo Formoso,BA,71206,25.99,1.0,3,84.19,0.0,24.45,4,0.586,4.0,60.07381595530536
Cacoal,RO,85359,26.17,1.0,6,42.93,0.0,8.31,0,0.718,4.0,59.874030714397215
Granja,CE,54748,9.23,1.0,3,68.15,0.0,39.15,5,0.559,4.0,59.729037989931406
Santo Amaro,BA,60069,43.66,1.0,3,70.96,0.0,12.57,5,0.646,4.0,59.721312269433895
Garanhuns,PE,139788,37.73,1.0,3,62.9,0.0,16.95,5,0.664,4.0,59.71066960937196
Ipirá,BA,59595,19.14,1.0,3,71.82,0.0,27.67,5,0.549,4.0,59.64567619841602
Aracaju,SE,657013,72.95,1.0,3,88.54,0.0,6.6,4,0.77,4.0,59.594034308268434
Ibiporã,PR,54558,43.52,1.0,3,94.86,0.0,7.23,0,0.726,4.0,59.57156319519863
Belford Roxo,RJ,510906,47.15,1.0,3,58.23,0.0,5.14,5,0.684,4.0,59.55721894937638
Igarassu,PE,117019,55.28,1.0,6,50.37,0.0,13.86,5,0.665,4.0,59.49996643836254
Navegantes,SC,81475,25.35,1.0,3,61.78,0.0,4.03,0,0.736,4.0,59.463652646842036
Óbidos,PA,52137,7.91,1.0,3,37.72,0.0,12.82,4,0.594,4.0,59.44869712947831
Crateús,CE,75074,33.62,1.0,3,76.15,0.0,24.53,4,0.644,4.0,59.40966746566128
São Mateus,ES,130611,47.45,1.0,3,60.33,0.0,9.64,4,0.735,4.0,59.388771175774174
Aparecida de Goiânia,GO,578179,61.26,1.0,3,69.38,0.0,4.96,5,0.718,4.0,59.38066656988578
Caxias,MA,164880,30.88,1.0,3,77.14,0.0,25.4,4,0.624,4.0,59.375045535012724
Limoeiro,PE,56250,33.81,1.0,3,55.76,0.0,18.6,5,0.663,4.0,59.36237572392557
Buíque,PE,58378,19.26,1.0,5,64.79,0.0,39.44,5,0.527,4.0,59.35895592290138
Maracanaú,CE,227886,85.58,1.0,6,83.64,0.0,9.38,5,0.686,4.0,59.348554587572785
Candeias,BA,87076,85.13,1.0,6,80.77,0.0,8.52,5,0.691,4.0,59.32736678647508
São Francisco,MG,56323,21.19,1.0,3,40.89,0.0,17.1,5,0.638,4.0,59.32024188941938
Tianguá,CE,75946,35.08,1.0,3,83.4,0.0,23.86,3,0.657,4.0,59.30021031692755
São Borja,RS,60282,22.26,1.0,3,58.07,0.0,6.64,0,0.736,4.0,59.26155747370929
Luís Eduardo Magalhães,BA,87519,33.04,1.0,4,18.84,0.0,7.33,5,0.716,4.0,59.219861666504954
Piripiri,PI,63742,11.17,1.0,3,81.66,0.0,24.41,0,0.635,4.0,59.1327491157773
Conceição do Coité,BA,66612,29.47,1.0,3,59.24,0.0,19.19,5,0.611,4.0,59.13114083254527
Manacapuru,AM,97377,52.45,1.0,3,87.74,0.0,15.27,5,0.614,4.0,59.11657160089904
Salvador,BA,2872347,57.79,1.0,4,89.0,0.0,3.88,0,0.759,4.0,59.06017595527217
Itaberaba,BA,64489,42.05,1.0,8,67.26,0.0,17.16,0,0.62,4.0,59.054967789826364
Imperatriz,MA,258682,71.3,1.0,5,61.01,0.0,9.72,5,0.731,4.0,59.02494399455581
Bayeux,PB,96880,35.2,1.0,6,70.79,0.0,15.76,0,0.649,4.0,59.02089930258575
Maranguape,CE,128978,46.38,1.0,3,68.22,0.0,15.45,5,0.659,4.0,59.01565381869714
Paracatu,MG,93158,62.14,1.0,0,95.89,0.0,7.15,5,0.744,4.0,58.98087335773146
Araguaína,TO,180470,69.32,1.0,3,72.74,0.0,8.27,5,0.752,4.0,58.93005430653673
São Lourenço da Mata,PE,113230,47.66,1.0,3,70.4,0.0,15.7,5,0.653,4.0,58.885918392074046
Sousa,PB,69444,34.68,1.0,3,55.36,0.0,22.55,5,0.668,4.0,58.87629705054692
Guarapari,ES,124859,32.1,1.0,4,58.61,0.0,6.59,0,0.731,4.0,58.85327637461047
Caruaru,PE,361118,60.85,1.0,4,72.31,0.0,14.94,5,0.677,4.0,58.848480259976206
Iguatu,CE,102498,30.39,1.0,4,83.92,0.0,22.2,0,0.677,4.0,58.79436744583606
Jaboatão dos Guararapes,PE,702298,49.63,1.0,3,50.89,0.0,8.73,5,0.717,4.0,58.78952152252708
Nilópolis,RJ,162485,60.01,1.0,3,99.01,0.0,1.99,0,0.753,4.0,58.713327478630696
Codó,MA,122859,31.52,1.0,4,61.51,0.0,29.94,5,0.595,4.0,58.64408152346249
Cajazeiras,PB,61993,22.65,1.0,3,76.66,0.0,17.59,0,0.679,4.0,58.63816880845801
Timon,MA,169107,48.71,1.0,3,70.34,0.0,16.05,5,0.649,4.0,58.59516408828849
Itapetinga,BA,76147,27.31,1.0,3,82.25,0.0,14.56,0,0.667,4.0,58.573991564184375
Juazeiro do Norte,CE,274207,51.82,2.0,3,93.57,0.0,15.66,5,0.694,3.0,58.56747488555941
Macapá,AP,503327,56.07,1.0,3,61.02,0.0,6.03,4,0.733,4.0,58.519965657874565
Eusébio,CE,53618,86.68,1.0,6,77.39,0.0,13.27,5,0.701,4.0,58.46045298822003
Formosa,GO,121617,64.89,1.0,5,90.28,0.0,8.62,0,0.744,4.0,58.392178713415376
Surubim,PE,65089,26.65,1.0,3,47.83,0.0,24.21,5,0.635,4.0,58.379198241472366
Beberibe,CE,53573,13.28,1.0,0,59.9,0.0,24.48,5,0.638,4.0,58.31497890655278
Barreirinhas,MA,62528,8.11,1.0,3,44.19,0.0,24.19,4,0.57,4.0,58.30945384797478
Boa Viagem,CE,54470,16.68,1.0,3,59.06,0.0,32.35,4,0.598,4.0,58.30160909651631
São Pedro da Aldeia,RJ,104476,46.71,1.0,3,40.06,0.0,6.19,5,0.712,4.0,58.27784027821928
Arcoverde,PE,74338,49.21,1.0,3,73.43,0.0,16.76,4,0.667,4.0,58.16570759238138
São Sebastião,SP,88980,35.59,1.0,3,57.2,0.0,5.19,0,0.772,4.0,58.15228998238586
Jacobina,BA,80518,49.14,1.0,3,76.64,0.0,16.56,4,0.649,4.0,58.12133755126488
Primavera do Leste,MT,62019,61.68,1.0,3,98.59,0.0,4.69,0,0.752,4.0,58.10618082937867
Monte Alegre,PA,58032,7.09,1.0,6,31.86,0.0,14.1,0,0.589,4.0,58.05256245507353
Canindé,CE,76997,29.77,1.0,3,72.42,0.0,23.6,3,0.612,4.0,57.981679975121324
Jacundá,PA,59155,29.94,1.0,6,20.04,0.0,15.95,4,0.622,4.0,57.9763507164295
Palmares,PE,63250,65.53,1.0,6,66.52,0.0,20.16,5,0.622,4.0,57.9751464146811
Alta Floresta,MT,51782,49.92,1.0,3,43.58,0.0,8.44,5,0.714,4.0,57.96107069941569
São Bento do Una,PE,59504,48.07,1.0,4,78.29,0.0,29.0,5,0.593,4.0,57.95206212100271
Cametá,PA,137890,20.38,1.0,3,32.61,0.0,10.42,5,0.577,4.0,57.942450201246416
Serra Talhada,PE,86350,41.19,1.0,3,63.75,0.0,19.93,4,0.661,4.0,57.8913190745303
Santana,AP,121364,51.82,1.0,3,70.85,0.0,9.36,3,0.692,4.0,57.87687933220229
Bragança,PA,127686,30.92,1.0,3,46.73,0.0,15.33,5,0.6,4.0,57.803449047442804
Fazenda Rio Grande,PR,100209,58.68,1.0,3,48.05,0.0,4.33,5,0.72,4.0,57.69307181505135
Lago da Pedra,MA,50266,32.36,1.0,3,84.92,0.0,29.78,3,0.589,4.0,57.68870443583745
Santa Cruz do Capibaribe,PE,107937,54.02,1.0,6,45.43,0.0,15.09,4,0.648,4.0,57.66553850405966
Lauro de Freitas,BA,198440,93.51,1.0,4,79.23,0.0,4.48,5,0.754,4.0,57.55417662758508
Penedo,AL,63683,42.0,1.0,3,61.62,0.0,23.13,5,0.63,4.0,57.50736245544333
Nova Venécia,ES,50110,33.57,1.0,3,67.86,0.0,11.78,0,0.712,4.0,57.48054879162875
Esmeraldas,MG,70552,38.16,1.0,3,30.48,0.0,8.22,5,0.671,4.0,57.42796452046551
Juazeiro,BA,216707,46.31,1.0,6,61.8,0.0,12.81,0,0.677,4.0,57.393001852147876
São Miguel dos Campos,AL,61251,45.75,1.0,3,62.6,0.0,19.85,5,0.623,4.0,57.24621566926757
Barra,BA,53578,38.49,1.0,5,48.01,0.0,22.85,5,0.557,4.0,57.24464507096377
Paço do Lumiar,MA,122197,47.53,1.0,6,43.59,0.0,5.19,0,0.724,4.0,57.22920944493289
Capanema,PA,69027,44.94,1.0,3,56.79,0.0,14.01,4,0.655,4.0,57.125110694562274
Jaru,RO,51775,43.01,1.0,4,31.87,0.0,10.56,4,0.689,4.0,57.11006715727532
Viamão,RS,255224,75.14,1.0,5,44.41,0.0,3.84,5,0.717,4.0,57.07299307944542
Guaíba,RS,98143,62.51,1.0,3,64.1,0.0,3.9,3,0.73,4.0,57.038316636031624
Sinop,MT,142996,36.11,1.0,3,50.81,0.0,5.07,0,0.754,4.0,57.02755304571964
Irecê,BA,72967,58.17,1.0,3,65.09,0.0,12.56,4,0.691,4.0,56.97040258406098
Coari,AM,85097,59.57,1.0,3,84.79,0.0,17.34,5,0.586,4.0,56.89751572644463
Lagarto,SE,104408,51.36,1.0,3,81.6,0.0,24.53,4,0.625,4.0,56.89446803999318
Ilhéus,BA,162327,46.01,1.0,4,74.72,0.0,12.27,0,0.69,4.0,56.890725212084156
Bom Jesus da Lapa,BA,69148,52.79,1.0,3,65.64,0.0,18.63,5,0.633,4.0,56.865185558237975
Serrinha,BA,80861,15.73,1.0,3,57.95,0.0,16.52,0,0.634,4.0,56.855420624400764
Horizonte,CE,67337,61.85,1.0,3,69.57,0.0,15.31,5,0.658,4.0,56.83944882162157
Tramandaí,RS,51715,57.49,1.0,3,85.74,0.0,3.83,0,0.719,4.0,56.76427221744822
Belo Jardim,PE,76439,54.14,1.0,3,72.1,0.0,23.68,5,0.629,4.0,56.68858161753972
Paragominas,PA,113145,67.25,1.0,6,52.99,0.0,13.32,4,0.645,4.0,56.59129412964011
Cruzeiro do Sul,AC,88376,28.02,1.0,3,68.43,0.0,18.66,0,0.664,4.0,56.54020274131468
Cabo de Santo Agostinho,PE,207048,69.09,1.0,4,56.86,0.0,12.55,5,0.686,4.0,56.49805974741069
Vitória da Conquista,BA,338480,64.44,1.0,3,62.74,0.0,12.86,5,0.678,4.0,56.469200602568094
Alvorada,RS,210305,70.88,1.0,3,57.35,0.0,3.83,5,0.699,4.0,56.407737623370195
Tabatinga,AM,65844,35.29,1.0,6,49.22,0.0,13.94,0,0.616,4.0,56.25114917968844
Cruz das Almas,BA,63239,43.38,1.0,0,55.04,0.0,10.52,5,0.699,4.0,56.214218778699276
Breu Branco,PA,66046,25.5,1.0,3,34.84,0.0,19.61,5,0.568,4.0,56.20899523450833
Cascavel,CE,71743,28.34,1.0,3,72.16,0.0,21.42,0,0.646,4.0,56.170259148202156
Vilhena,RO,99854,62.94,1.0,5,36.71,0.0,6.28,3,0.731,4.0,56.15443665596443
Pesqueira,PE,67395,40.59,1.0,3,60.11,0.0,23.33,4,0.61,4.0,56.090800911854835
Açu,RN,58017,51.95,1.0,3,53.4,0.0,21.29,5,0.661,4.0,56.07867561170408
Marechal Deodoro,AL,51901,46.41,1.0,3,48.96,0.0,20.93,5,0.642,4.0,56.06101775015114
Limoeiro do Norte,CE,59540,59.78,1.0,3,66.98,0.0,18.81,4,0.682,4.0,56.04411330560784
Abaetetuba,PA,157698,46.07,1.0,3,52.73,0.0,13.02,4,0.628,4.0,56.03970793610289
Ipojuca,PE,96204,75.3,1.0,6,72.32,0.0,20.33,4,0.619,4.0,56.02639332822682
Euclides da Cunha,BA,60585,34.08,1.0,3,52.68,0.0,26.45,5,0.567,4.0,55.993852315519995
Grajaú,MA,69527,21.91,1.0,4,59.42,0.0,22.57,0,0.609,4.0,55.9769469843636
Araripina,PE,84418,44.42,1.0,3,57.92,0.0,24.82,5,0.602,4.0,55.953579033229744
Camocim,CE,63661,33.47,1.0,3,87.01,0.0,26.27,0,0.62,4.0,55.81580103986243
Alagoinhas,BA,151596,74.66,1.0,8,61.15,0.0,9.58,0,0.683,4.0,55.805602018016565
Salgueiro,PE,60930,33.27,1.0,3,63.2,0.0,16.15,0,0.669,4.0,55.60585803646485
Rolim de Moura,RO,55058,22.94,1.0,3,32.39,0.0,8.93,0,0.7,4.0,55.46981080848721
Rondon do Pará,PA,52357,53.51,1.0,3,61.59,0.0,20.27,5,0.602,4.0,55.466924087055844
Acopiara,CE,54270,16.87,1.0,3,71.18,0.0,32.91,0,0.595,4.0,55.38696387381801
Novo Gama,GO,115711,59.04,1.0,3,85.78,0.0,7.32,0,0.684,4.0,55.3708020240193
Sapé,PB,52625,32.4,1.0,3,57.06,0.0,29.92,4,0.569,4.0,55.362319787795336
Alenquer,PA,56789,7.28,1.0,3,15.78,0.0,15.48,3,0.564,4.0,55.330607334817124
Luziânia,GO,208299,83.81,1.0,3,68.77,0.0,8.02,5,0.701,4.0,55.240659490024406
Ji-Paraná,RO,128969,33.44,1.0,4,29.85,0.0,7.58,0,0.714,4.0,55.216264693277736
Itaguaí,RJ,133019,59.58,1.0,3,76.2,0.0,5.62,0,0.715,4.0,55.19098908376373
Ananindeua,PA,530598,83.59,1.0,3,58.64,0.0,3.4,5,0.718,4.0,55.11887853029251
Bertioga,SP,63249,22.44,1.0,3,17.97,0.0,5.63,0,0.73,4.0,55.09997549413539
Cidade Ocidental,GO,71376,93.1,1.0,3,73.85,0.0,4.77,5,0.717,4.0,55.088173999698085
Itaituba,PA,101247,68.03,1.0,4,51.48,0.0,13.57,5,0.64,4.0,54.95831611851524
Tucano,BA,50687,17.18,1.0,0,60.14,0.0,29.1,4,0.579,4.0,54.92855796113035
Janaúba,MG,71648,70.15,1.0,3,51.0,0.0,13.74,5,0.696,4.0,54.72468748247818
Palmeira dos Índios,AL,73218,59.42,1.0,3,57.35,0.0,22.92,5,0.638,4.0,54.674743906076614
Araci,BA,54379,19.77,1.0,3,41.44,0.0,32.09,4,0.534,4.0,54.621983516070046
Dom Eliseu,PA,59719,34.93,1.0,3,27.95,0.0,16.62,4,0.615,4.0,54.47909933444176
Castanhal,PA,200793,76.34,1.0,3,65.78,0.0,7.55,4,0.673,4.0,54.46863614194799
Redenção,PA,84787,46.54,1.0,3,16.95,0.0,11.66,5,0.672,4.0,54.44158983198531
Santa Rita,PB,136586,75.05,1.0,3,77.15,0.0,20.0,5,0.627,4.0,54.44120572684318
Nossa Senhora do Socorro,SE,183628,82.38,1.0,3,68.48,0.0,10.58,5,0.664,4.0,54.31352268331363
Tomé-Açu,PA,63447,49.1,1.0,3,41.44,0.0,15.81,5,0.586,4.0,54.18271403464606
Coroatá,MA,65296,35.87,1.0,3,50.31,0.0,31.54,4,0.576,4.0,54.13528038135285
Arapiraca,AL,231747,65.33,1.0,3,56.96,0.0,21.87,5,0.649,4.0,54.11487503490813
Saquarema,RJ,89170,45.37,1.0,3,46.54,0.0,5.85,0,0.709,4.0,54.110958172578684
Tailândia,PA,106339,57.83,1.0,6,27.15,0.0,13.69,4,0.588,4.0,54.024503163632104
Timbaúba,PE,53022,61.88,1.0,3,74.56,0.0,20.06,3,0.618,4.0,53.93077040570833
Marabá,PA,279349,76.8,1.0,5,33.27,0.0,10.6,5,0.668,4.0,53.84791354825933
Tutóia,MA,58860,8.63,1.0,3,47.36,0.0,28.97,0,0.561,4.0,53.83615060733166
Açailândia,MA,112445,46.14,1.0,4,53.64,0.0,17.02,0,0.672,4.0,53.791248101949904
Santa Inês,MA,89044,52.53,1.0,3,73.02,0.0,17.24,0,0.674,4.0,53.73420609360468
Igarapé-Miri,PA,62698,64.28,1.0,5,48.79,0.0,18.71,5,0.547,4.0,53.70158209928796
Itaboraí,RJ,240592,46.8,1.0,5,26.65,0.0,6.41,0,0.693,4.0,53.660760519662595
Tucuruí,PA,113659,57.86,1.0,3,72.29,0.0,9.25,0,0.666,4.0,53.549966417634224
Pacajus,CE,72203,78.71,1.0,3,64.07,0.0,18.0,5,0.659,4.0,53.492460243283325
São Félix do Xingu,PA,128481,36.49,1.0,3,11.67,0.0,13.12,5,0.594,4.0,53.48446368321019
Camaçari,BA,299132,86.28,1.0,3,56.03,0.0,7.33,5,0.694,4.0,53.48392248086081
Pinheiro,MA,83387,36.62,1.0,3,55.53,0.0,17.29,0,0.637,4.0,53.476069341659
Viseu,PA,61403,11.78,1.0,3,49.37,0.0,20.58,0,0.515,4.0,53.44528206474961
Piraquara,PR,113036,49.94,1.0,3,18.67,0.0,5.27,3,0.7,4.0,53.43370225953752
Chapadinha,MA,79675,24.25,1.0,3,52.05,0.0,25.02,0,0.604,4.0,53.38359829309536
Escada,PE,68875,72.23,1.0,3,62.12,0.0,21.09,5,0.632,4.0,53.31618104451039
São José de Ribamar,MA,177687,73.86,1.0,2,41.33,0.0,6.38,5,0.708,4.0,53.13705958151094
Santa Luzia,MA,72667,15.42,1.0,3,57.25,0.0,33.78,0,0.55,4.0,53.068044074591604
Santana do Araguaia,PA,72817,23.21,1.0,4,28.07,0.0,16.53,0,0.602,4.0,53.067376857617774
Jaguaquara,BA,54423,12.56,1.0,3,39.17,0.0,27.3,0,0.58,4.0,53.019667683043
Santo Antônio de Jesus,BA,101512,65.39,1.0,3,72.98,0.0,12.07,0,0.7,4.0,52.957892110025334
Goiana,PE,79758,45.6,1.0,3,59.99,0.0,16.85,0,0.651,4.0,52.9567988385233
Portel,PA,62043,25.29,1.0,4,21.03,0.0,29.84,5,0.483,4.0,52.9135648060083
Moreno,PE,62784,81.2,1.0,3,61.64,0.0,16.2,5,0.652,4.0,52.909461173660056
Carpina,PE,83641,40.3,1.0,3,44.06,0.0,15.87,0,0.68,4.0,52.87422617056093
Campo Alegre,AL,57063,35.08,1.0,0,55.49,0.0,27.0,5,0.57,4.0,52.80729833532473
São Miguel do Guamá,PA,58986,33.53,1.0,3,52.42,0.0,16.22,0,0.591,4.0,52.69811973333937
Coruripe,AL,56933,75.33,1.0,3,60.52,0.0,21.55,5,0.626,4.0,52.50492551270766
Catu,BA,54704,74.95,1.0,4,74.75,0.0,10.49,0,0.677,4.0,52.4777659139813
Altamira,PA,114594,89.14,1.0,4,61.14,0.0,12.78,4,0.665,4.0,52.448495525072516
Caicó,RN,67952,48.71,1.0,3,42.5,0.0,14.67,0,0.71,4.0,52.26579911504766
Ouricuri,PE,69459,33.71,1.0,3,64.8,0.0,27.98,0,0.572,4.0,52.23781316392714
Balsas,MA,94887,36.36,1.0,3,26.27,0.0,12.99,0,0.687,4.0,52.108585811455946
Marituba,PA,131521,84.51,1.0,3,41.56,0.0,5.08,5,0.676,4.0,52.10352998158871
São Gonçalo do Amarante,RN,102400,98.27,1.0,3,73.37,0.0,13.61,5,0.661,4.0,52.048930951866076
Viana,MA,52441,48.54,1.0,3,62.16,0.0,16.61,0,0.618,4.0,52.0234472052225
Almirante Tamandaré,PR,118623,73.6,1.0,3,30.27,0.0,5.79,4,0.699,4.0,52.014853349885925
Teixeira de Freitas,BA,160487,72.58,1.0,3,30.42,0.0,13.99,5,0.685,4.0,51.97862313310843
Colombo,PR,243726,48.1,1.0,0,52.09,0.0,4.6,0,0.733,4.0,51.61514898021416
Itupiranga,PA,53269,48.26,1.0,3,34.02,0.0,23.4,5,0.528,4.0,51.419042371026734
Ipixuna do Pará,PA,64053,28.13,1.0,3,61.93,0.0,24.16,0,0.489,4.0,51.320421142169636
Buriticupu,MA,72358,46.33,1.0,3,27.96,0.0,27.47,5,0.556,4.0,51.27559308520008
Paudalho,PE,56506,88.3,1.0,3,62.85,0.0,20.77,5,0.639,4.0,51.18664320118164
Santo Antônio do Descoberto,GO,74744,78.93,1.0,0,72.86,0.0,8.75,4,0.665,4.0,51.16432529621877
Itamaraju,BA,64486,71.32,1.0,3,52.2,0.0,22.59,4,0.627,4.0,51.16027401777702
Gravatá,PE,84074,43.59,1.0,3,48.44,0.0,22.24,0,0.634,4.0,51.10619762269707
Santa Izabel do Pará,PA,70801,79.78,1.0,3,33.18,0.0,9.72,5,0.659,4.0,51.06467267011005
Vitória de Santo Antão,PE,138757,57.06,1.0,3,64.98,0.0,21.56,0,0.64,4.0,51.000945603287
União dos Palmares,AL,65611,72.45,1.0,3,58.71,0.0,31.19,5,0.593,4.0,50.96131312831299
Simões Filho,BA,134377,102.47,1.0,3,78.92,0.0,7.95,3,0.675,4.0,50.91978498085392
Casa Nova,BA,71969,37.09,1.0,3,50.29,0.0,23.34,0,0.57,4.0,50.704553333981096
Aquiraz,CE,80271,70.12,1.0,0,61.52,0.0,20.14,5,0.641,4.0,50.54167777324124
Araruama,RJ,132400,53.63,1.0,3,21.91,0.0,6.87,0,0.718,4.0,50.447437270359465
Acará,PA,55591,66.57,1.0,3,62.21,0.0,20.62,4,0.506,4.0,50.382614547662655
Águas Lindas de Goiás,GO,212440,45.43,1.0,3,16.1,0.0,6.97,0,0.686,4.0,50.34347630775025
Tobias Barreto,SE,52191,54.09,1.0,3,78.14,0.0,28.4,0,0.557,4.0,50.18195688312293
Barra do Corda,MA,88212,43.85,1.0,3,50.99,0.0,27.36,0,0.606,4.0,50.143375157491924
Ribeira do Pombal,BA,53807,47.47,1.0,0,48.35,0.0,25.92,4,0.601,4.0,50.04303859469227
Capitão Poço,PA,54303,58.75,1.0,3,31.63,0.0,24.1,5,0.548,4.0,49.98428025785355
Macaíba,RN,80792,73.22,1.0,3,76.82,0.0,21.54,0,0.64,4.0,49.80626117612714
Ceará-Mirim,RN,73497,115.85,1.0,4,78.77,0.0,20.72,5,0.616,4.0,49.3076816636604
Moju,PA,82094,53.42,1.0,3,59.09,0.0,18.94,0,0.547,4.0,49.12952943410821
Ulianópolis,PA,59210,44.85,1.0,3,27.64,0.0,13.06,0,0.604,4.0,49.10582345094012
Rio Largo,AL,75120,75.31,1.0,0,48.38,0.0,16.97,5,0.643,4.0,48.809685948686024
Morada Nova,CE,61890,84.25,1.0,4,55.46,0.0,27.08,3,0.61,4.0,48.807725114050754
Jequié,BA,155966,72.89,1.0,3,53.21,0.0,15.08,0,0.665,4.0,48.699126593781195
Planaltina,GO,89918,92.99,1.0,3,75.79,0.0,9.81,0,0.669,4.0,48.67624359242393
São Cristóvão,SE,90072,114.62,1.0,3,62.32,0.0,12.33,5,0.662,4.0,48.63941675936462
Porto Seguro,BA,148686,97.66,1.0,3,33.66,0.0,11.84,5,0.676,4.0,48.60044526148258
Cristalina,GO,58997,95.7,1.0,3,69.99,0.0,8.74,0,0.699,4.0,48.46935502958863
Queimados,RJ,150319,120.39,1.0,3,57.45,0.0,5.35,5,0.68,4.0,48.4414918185575
Itabaiana,SE,95427,115.47,1.0,3,74.0,0.0,21.88,5,0.642,4.0,48.22437232661223
Zé Doca,MA,51714,55.11,1.0,3,46.82,0.0,24.47,0,0.595,4.0,48.102130962784635
Valença,BA,96562,79.55,1.0,3,67.92,0.0,18.28,0,0.623,4.0,47.92054423223036
Benevides,PA,62737,103.62,1.0,3,29.15,0.0,6.28,5,0.665,4.0,47.60407358103527
Vigia,PA,53686,77.36,1.0,3,50.55,0.0,10.14,0,0.617,4.0,47.214035406628454
Breves,PA,102701,22.2,1.0,3,8.67,0.0,25.77,0,0.503,4.0,46.88817464195199
Vargem Grande,MA,56510,21.54,1.0,0,33.49,0.0,31.78,0,0.542,4.0,46.42380736969782
Japeri,RJ,104768,85.52,1.0,3,36.07,0.0,7.37,0,0.659,4.0,45.75935480495005
Russas,CE,78194,104.27,1.0,3,42.09,0.0,18.81,3,0.674,4.0,45.67826150307533
Bezerros,PE,60798,87.65,1.0,3,68.31,0.0,27.14,0,0.606,4.0,45.40968318125424
Rurópolis,PA,50510,22.93,1.0,0,4.72,0.0,18.67,0,0.548,4.0,44.823959350832524
Eunápolis,BA,113380,99.76,1.0,3,38.03,0.0,14.58,0,0.677,4.0,43.46070906219584
Novo Repartimento,PA,75919,64.96,1.0,3,24.63,0.0,21.2,0,0.537,4.0,43.4072839883417
Brejo da Madre de Deus,PE,50742,84.64,1.0,3,46.75,0.0,29.71,0,0.562,4.0,42.37991872288133
